"id","name","category","brand","issues","purpose","status","condition","dailyRentalPrice","createdAt","imageURL","role","description","image"
"0CUzbEBt7SUoYOOuT5jc","소니 f950 배터리","Battery","Sony","","","available","정상","","{""_seconds"":1743404019,""_nanoseconds"":790000000}","https://firebasestorage.googleapis.com/v0/b/equipment-rental-system-838f0.firebasestorage.app/o/camera-images%2F1743404017821_4ba0e43b46.jpg?alt=media&token=a8275934-5f03-46f2-bf32-61b078f2197d","admin","55",
"0Kqjn2zxnkwjQC4bHnwU","니콘 en-el9 배터리 (a)","Battery","Nikon","니콘 3000D, 5000D 호환","","available","정상","","{""_seconds"":1743402066,""_nanoseconds"":136000000}","https://firebasestorage.googleapis.com/v0/b/equipment-rental-system-838f0.firebasestorage.app/o/camera-images%2F1743402063953_4a310d2d26.jpg?alt=media&token=e37bcf0e-b368-409b-8232-537e1f25235f",,"44",
"0YSTrU64LoQNFI4aiEiY","소니 FE 시그마 c 28-70mm DG DN F2.8","Filming","Sony","","","available","정상","","{""_seconds"":1743399021,""_nanoseconds"":563000000}","https://firebasestorage.googleapis.com/v0/b/equipment-rental-system-838f0.firebasestorage.app/o/camera-images%2F1743612446116_13473299_1.avif?alt=media&token=6b220f47-242c-491a-b5bb-4c79cc9d627e",,"14",
"0wKghvdXFfJod5wZqsE7","ZOOM H2N 보이스레코더 (b)","Sound","Zoom","","","available","정상","","{""_seconds"":1743405057,""_nanoseconds"":196000000}","https://firebasestorage.googleapis.com/v0/b/equipment-rental-system-838f0.firebasestorage.app/o/camera-images%2F1743610148207_7322812_1.jpg?alt=media&token=77d0555e-7888-47e7-bcaf-52dcf29953d9",,"72",
"0x2LSynnX5A8Iej4BzMi","탐론 EF-S 17-50mm F 2.8 (a)","Filming","Tamron","전면뚜껑 없음","","available","주의","","{""_seconds"":1743397554,""_nanoseconds"":129000000}","https://firebasestorage.googleapis.com/v0/b/equipment-rental-system-838f0.firebasestorage.app/o/camera-images%2F1743397551726_141263_1.avif?alt=media&token=ca6b22eb-a413-419d-8537-cde79b892820",,"17",
"1MwOrZLdCuTf06xiS3A3","소니 FE 55mm F1.8 ZA","Filming","Sony","전면뚜껑 없음","","available","주의","","{""_seconds"":1743397671,""_nanoseconds"":114000000}","https://firebasestorage.googleapis.com/v0/b/equipment-rental-system-838f0.firebasestorage.app/o/camera-images%2F1743397669103_1000570543015_i1_1200.jpg?alt=media&token=38d4cbba-9894-4431-8b7a-43a09c7600f1",,"15",
"1dYpZjBzPqtkHht4Hu6V","미디어 컨트롤러 APC40","Sound","Akai","","","available","정상","","{""_seconds"":1743405427,""_nanoseconds"":442000000}","https://firebasestorage.googleapis.com/v0/b/equipment-rental-system-838f0.firebasestorage.app/o/camera-images%2F1743612651174_e4abd51cf0023fb3bf4b4d710f814f02.jpg?alt=media&token=b43edb65-f498-49a0-b255-c4450ff80a48",,"77",
"1keGuQOE7m1QetkP9jZi","LED 조명 (d)","Lighting","","","","available","정상","","{""_seconds"":1744384010,""_nanoseconds"":109000000}","https://firebasestorage.googleapis.com/v0/b/equipment-rental-system-838f0.firebasestorage.app/o/camera-images%2F1744384009300_6230087_1.avif?alt=media&token=fb4503c9-88dc-4a06-9ddc-590d8871c708",,"33",""
"29tTp9TpqBkO8shHL4Nu","LED 조명 (a)","Lighting","","","","available","정상","","{""_seconds"":1744383973,""_nanoseconds"":831000000}","https://firebasestorage.googleapis.com/v0/b/equipment-rental-system-838f0.firebasestorage.app/o/camera-images%2F1744383973060_6230087_1.avif?alt=media&token=de861c54-c8f2-43cb-afb7-28a4aea684ab",,"30",""
"2GMuqqrH8xXrqko3RJPo","ATH-M40X 헤드폰","Sound","Audio-technica","","","available","정상","","{""_seconds"":1743405329,""_nanoseconds"":119000000}","https://firebasestorage.googleapis.com/v0/b/equipment-rental-system-838f0.firebasestorage.app/o/camera-images%2F1743612621007_2563500_1.avif?alt=media&token=7f0b7b0d-e910-4c4b-af5d-8037aecc4c65",,"76",
"2kCOelZrLMG2cjpFWpm9","카메라 가방 (h)","ETC","","상기 사진과 다를 수 있습니다.","","available","정상","","{""_seconds"":1743488468,""_nanoseconds"":866000000}","https://firebasestorage.googleapis.com/v0/b/equipment-rental-system-838f0.firebasestorage.app/o/camera-images%2F1743612691081_3197023_1.avif?alt=media&token=049eb220-5da4-4ee9-b2df-8b0cc801d258",,"100",
"2yixYtnutCX9iYIJNhuF","캐논 EOS 7D (b)","Filming","Canon","cf카드","","available","정상","","{""_seconds"":1743396811,""_nanoseconds"":253000000}","https://firebasestorage.googleapis.com/v0/b/equipment-rental-system-838f0.firebasestorage.app/o/camera-images%2F1743396809350_930951_1.avif?alt=media&token=9aea40b8-b00c-4c3e-b8e9-1313dc48d553",,"5",
"3SWGk5j9gBrs5HigkosE","삼양 EF VDSLR 14mm F2.8","Filming","Samyang","","","available","정상","","{""_seconds"":1743398516,""_nanoseconds"":463000000}","https://firebasestorage.googleapis.com/v0/b/equipment-rental-system-838f0.firebasestorage.app/o/camera-images%2F1743398514804_8cc5e3d271eee58760b87fd6fba0304cea4c8ef8ebb7f59cd0e7163cfeb2.jpg?alt=media&token=78b63307-1dbc-4993-b8cc-4c28aa114a53",,"19",
"4gJRG9RDmROB15Ifm5sm","Nikon 배터리 차저 (c)","Battery","","","","available","정상","","{""_seconds"":1743484794,""_nanoseconds"":842000000}","https://firebasestorage.googleapis.com/v0/b/equipment-rental-system-838f0.firebasestorage.app/o/camera-images%2F1743616798319_shopping.avif?alt=media&token=f9a14165-154e-41f0-be82-b838d1f5cc84",,"66",
"5U3EqHNaQD4PHtDLqyuZ","캐논 60D","Filming","Canon","","","available","수리","","{""_seconds"":1743074115,""_nanoseconds"":3000000}","https://firebasestorage.googleapis.com/v0/b/equipment-rental-system-838f0.firebasestorage.app/o/camera-images%2F1743074112947_1169450_1.avif?alt=media&token=6c2da6ac-adf4-4984-8dc1-1331c4425daf",,"4",
"5y3OPZ7vvWYNVO1y90yT","Mini 매트박스","ETC","","구경 95mm","","available","정상","","{""_seconds"":1743401286,""_nanoseconds"":978000000}","https://firebasestorage.googleapis.com/v0/b/equipment-rental-system-838f0.firebasestorage.app/o/camera-images%2F1743613612711_897_temp_16480179589497view.jpg?alt=media&token=be5e996a-fab7-4b24-b67b-c21d963ad0a7",,"39",
"6oHlmkzHY8d1TjGtLaIv","DJI 로닌 RS 2 짐벌","Filming","Dji","2020","","available","정상","","{""_seconds"":1743399886,""_nanoseconds"":611000000}","https://firebasestorage.googleapis.com/v0/b/equipment-rental-system-838f0.firebasestorage.app/o/camera-images%2F1743613634036_12480191_1.avif?alt=media&token=0e390aef-637c-4786-9536-ce9681ae9a07",,"26",
"742m3QlZYRMGpgQ1NkwU","sd 카드 리더기 (a)","ETC","","","","available","정상","","{""_seconds"":1743484640,""_nanoseconds"":503000000}","https://firebasestorage.googleapis.com/v0/b/equipment-rental-system-838f0.firebasestorage.app/o/camera-images%2F1743616900985_1939422_1.avif?alt=media&token=46ca06be-ccca-4803-a982-8231251a9aea",,"59",
"7SHADbaMzEfvM7jgHdmR"," V 마운트 배터리 (c)","Battery","Farseeing","14.8V / 8000mah / 120Wh","","available","정상","","{""_seconds"":1743403503,""_nanoseconds"":808000000}","https://firebasestorage.googleapis.com/v0/b/equipment-rental-system-838f0.firebasestorage.app/o/camera-images%2F1743404085833_1566991068.jpg?alt=media&token=a851bf2b-9099-4ea6-8d89-9c82474551ae",,"50",
"7TXQMSLJdqG2AFzCAk7C","sd 카드 리더기 (d)","ETC","","상기 이미지와 다를 수 있습니다","","available","정상","","{""_seconds"":1743484731,""_nanoseconds"":745000000}","https://firebasestorage.googleapis.com/v0/b/equipment-rental-system-838f0.firebasestorage.app/o/camera-images%2F1743617109161_1939422_1.avif?alt=media&token=f850c4a9-f77e-450e-afdc-449b563ad3ae",,"62",
"8IFpEHNZaGZkyVd7BZLS","삼성 gear 360 (b)","Filming","samsung","","","available","정상","","{""_seconds"":1743397369,""_nanoseconds"":562000000}","https://firebasestorage.googleapis.com/v0/b/equipment-rental-system-838f0.firebasestorage.app/o/camera-images%2F1743397368526_1642684248.jpg?alt=media&token=55e2f4de-c420-4448-8a00-eaf54789a853",,"11",
"8dnbRDDZQUnAwDIMK1G4","카메라 가방 (g)","ETC","","상기 이미지와 다를 수 있습니다","","available","정상","","{""_seconds"":1743488441,""_nanoseconds"":153000000}","https://firebasestorage.googleapis.com/v0/b/equipment-rental-system-838f0.firebasestorage.app/o/camera-images%2F1743617131622_3197023_1.avif?alt=media&token=94510909-96b4-4aa1-b7d4-654ecf86e9f3",,"99",
"8gxeGMT3Z2vV4VbxwNf3","H4n Pro 녹음기","Sound","Zoom","","","available","정상","","{""_seconds"":1743405513,""_nanoseconds"":38000000}","https://firebasestorage.googleapis.com/v0/b/equipment-rental-system-838f0.firebasestorage.app/o/camera-images%2F1743613657620_7057603_1.avif?alt=media&token=cb2a7a89-6414-4ea5-ac89-981ce859ab1b",,"79",
"ADad9nyqULG0dCCq2hEX","V 마운트 배터리 (a)","Battery","Sony","14.4V / 6600mah (활용이 원활하지 않음 사용 권장 X)","","available","정상","","{""_seconds"":1743402997,""_nanoseconds"":232000000}","https://firebasestorage.googleapis.com/v0/b/equipment-rental-system-838f0.firebasestorage.app/o/camera-images%2F1743402994607_sobpgl95.jpg?alt=media&token=fa5c1118-b48e-4612-9163-f7704abd53fa",,"100",
"BbTE4AFYbflFNYYT05yw","카메라 가방 (i)","ETC","","","","available","정상","","{""_seconds"":1743488486,""_nanoseconds"":65000000}","https://firebasestorage.googleapis.com/v0/b/equipment-rental-system-838f0.firebasestorage.app/o/camera-images%2F1743613922228_3197023_1.avif?alt=media&token=cd70d0bb-331e-49cb-bbab-2b2f30f9e6cb",,"102",
"Bh0lmvc4NwJaWlsZmB7e","V 마운트 배터리 (d)","Battery","Gen energy","14.4V / 11100mah / 160Wh","","available","정상","","{""_seconds"":1743403714,""_nanoseconds"":513000000}","https://firebasestorage.googleapis.com/v0/b/equipment-rental-system-838f0.firebasestorage.app/o/camera-images%2F1743403712583_CF091974_2.jpg?alt=media&token=05c21773-acc1-450e-aaf6-93e6bd49c29a",,"52",
"C4UPcnOaZ5MWElvLNVpi","삼양 XEEN CF CINE 렌즈 5종 세트","Filming","Samyang"," EF마운트(16mm, 24mm, 35mm, 50mm, 85mm / T 1.5)","","available","정상","","{""_seconds"":1743398153,""_nanoseconds"":476000000}","https://firebasestorage.googleapis.com/v0/b/equipment-rental-system-838f0.firebasestorage.app/o/camera-images%2F1743614024365_13232999_1.avif?alt=media&token=dc860295-2c8b-4c68-a615-1bab90e4b12e",,"17",
"CC3QL1Gsz8Nyfrk6v6m2","Canon 배터리 차저 (a)","Battery","","","","available","정상","","{""_seconds"":1743484821,""_nanoseconds"":629000000}","https://firebasestorage.googleapis.com/v0/b/equipment-rental-system-838f0.firebasestorage.app/o/camera-images%2F1743617057977_5458_temp_16638311876296view.png?alt=media&token=6aac7788-cce8-440b-a2a7-57df8475414a",,"67",
"CZGgASCqHXPQ3bzwX4ox","SD 카드 128GB (a)","ETC","Sandisk","반납시 포맷하기","","available","정상","","{""_seconds"":1743404174,""_nanoseconds"":519000000}","https://firebasestorage.googleapis.com/v0/b/equipment-rental-system-838f0.firebasestorage.app/o/camera-images%2F1743614032080_18318518_1.avif?alt=media&token=533fc8a7-2f97-401e-a319-74cd3622b5d0",,"56",
"DPmGvHhf1af1vt6EWiCW","416 붐마이크","Sound","Rode","마이크선 없음","","available","정상","","{""_seconds"":1743487613,""_nanoseconds"":550000000}","https://firebasestorage.googleapis.com/v0/b/equipment-rental-system-838f0.firebasestorage.app/o/camera-images%2F1743617607204_1553932621.png?alt=media&token=824c32a7-8874-44d4-95b9-8d27e4bcf30d",,"73",
"Dyveqn9bBpugJhwAIlUc","카메라 가방 (c)","ETC","","","","available","정상","","{""_seconds"":1743488389,""_nanoseconds"":564000000}","https://firebasestorage.googleapis.com/v0/b/equipment-rental-system-838f0.firebasestorage.app/o/camera-images%2F1743614042071_3197023_1.avif?alt=media&token=50991adc-74b1-4381-8d9b-1bc04ee02dc7",,"93",
"E41JyOGk1Eq7JjDlRzcd","LED 조명 (c)","Lighting","","","","available","정상","","{""_seconds"":1744383993,""_nanoseconds"":353000000}","https://firebasestorage.googleapis.com/v0/b/equipment-rental-system-838f0.firebasestorage.app/o/camera-images%2F1744384039598_6230087_1.avif?alt=media&token=313294c4-67fa-4c22-b4b2-cb34e00f19d8",,"32",""
"EdhXezo582fQ15XB7cC3","E-IMAGE 7060H 삼각대 (a)","Filming","E-IMAGE","플레이트 고정 잘 안됨","","available","주의","","{""_seconds"":1743399742,""_nanoseconds"":715000000}","https://firebasestorage.googleapis.com/v0/b/equipment-rental-system-838f0.firebasestorage.app/o/camera-images%2F1743399738968_U15785bf27e3b4d0285197f788c94c2cdg.avif?alt=media&token=4b556db3-c3a5-4bbb-98fb-4398d4961a6f",,"25",
"FPy5xYvMaogZk8Kh72p1","니콘 AF 50mm F1.8D (b)","Filming","Nikon","전면, 후면뚜껑 없음","","available","주의","","{""_seconds"":1743398702,""_nanoseconds"":792000000}","https://firebasestorage.googleapis.com/v0/b/equipment-rental-system-838f0.firebasestorage.app/o/camera-images%2F1743614082830_151440_1.avif?alt=media&token=3bf1aa0e-4d1e-418d-ab77-04439cfc7317",,"20",
"FYdzAgjdVlw9b0LsZ3Uf","ZOOM H1 녹음기 (a)","Sound","Zoom","","","available","정상","","{""_seconds"":1743404544,""_nanoseconds"":209000000}","https://firebasestorage.googleapis.com/v0/b/equipment-rental-system-838f0.firebasestorage.app/o/camera-images%2F1743614097895_1322983_1.avif?alt=media&token=481302c1-7a2d-4a8e-9409-c9660c96c33e",,"74",
"FZNUkBnY1Mk4UsHsHFqQ","TASCAM DR-44WL 녹음기","Sound","Tascam","3, 4번 단자로 녹음되는 소리가 헤드셋으로 들리지 않음, 체크 필요","","available","정상","","{""_seconds"":1743405613,""_nanoseconds"":64000000}","https://firebasestorage.googleapis.com/v0/b/equipment-rental-system-838f0.firebasestorage.app/o/camera-images%2F1743614111249_4028258_1.avif?alt=media&token=b54be9a8-b0da-4056-8db0-271f85b208bc",,"78",
"GDKGRYkjuZGMTpzfNpjK","캐논 LP-E6 배터리 (f)","Battery","Canon","","","available","정상","","{""_seconds"":1743402543,""_nanoseconds"":501000000}","https://firebasestorage.googleapis.com/v0/b/equipment-rental-system-838f0.firebasestorage.app/o/camera-images%2F1743614116428_793756_1.avif?alt=media&token=7ec7f023-9a44-4351-84b0-38aee4f712c9",,"46.6",
"GKlojpkuLaPPHp2HTuN3","니콘 en-el9 배터리 (c) ","Battery","Nikon","니콘 3000D, 5000D 호환 가능","","available","정상","","{""_seconds"":1743402163,""_nanoseconds"":457000000}","https://firebasestorage.googleapis.com/v0/b/equipment-rental-system-838f0.firebasestorage.app/o/camera-images%2F1743402161379_4a310d2d26.jpg?alt=media&token=0c9fce8e-b660-449a-aa41-49f674684847",,"46",
"GSOeLzhFcolYIiNwvFaX","카메라 가방 (d)","ETC","","상기 이미지와 다를 수 있습니다","","available","정상","","{""_seconds"":1743488398,""_nanoseconds"":567000000}","https://firebasestorage.googleapis.com/v0/b/equipment-rental-system-838f0.firebasestorage.app/o/camera-images%2F1743617143022_3197023_1.avif?alt=media&token=1a369593-92b9-4923-9a9d-669ca7a0eb3d",,"94",
"HaRbG5YwJO4MdX0E7cPu","니콘 5000D","Filming","Nikon","전면뚜껑 없음","","available","정상","","{""_seconds"":1743488103,""_nanoseconds"":66000000}","https://firebasestorage.googleapis.com/v0/b/equipment-rental-system-838f0.firebasestorage.app/o/camera-images%2F1743614132920_1737477_1.avif?alt=media&token=eea14a7e-caf7-4a92-a435-d33f49569a95",,"7",
"IXsOxW8XG9Yy5FaIwCZ6","V 마운트 배터리 (a)","Battery","Sony","14.4V / 6600mah (활용이 원활하지 않음 사용 권장 X)","","available","정상","","{""_seconds"":1743403000,""_nanoseconds"":179000000}","https://firebasestorage.googleapis.com/v0/b/equipment-rental-system-838f0.firebasestorage.app/o/camera-images%2F1743402997738_sobpgl95.jpg?alt=media&token=6be606c5-b492-416c-83be-08b23f4bf764",,"",
"JcKxtJlRY4R3sHlmPpG7","탐론 EF-S 17-50mm F 2.8 (c)","Filming","Tamron","전면뚜껑 없음, 후드 없음","","available","주의","","{""_seconds"":1743397782,""_nanoseconds"":743000000}","https://firebasestorage.googleapis.com/v0/b/equipment-rental-system-838f0.firebasestorage.app/o/camera-images%2F1743397780577_141263_1.avif?alt=media&token=1df9c19a-cb2b-40a3-9726-37a67ae8626b",,"",
"KYaHLuT3h39ttR1S2ogv","니콘 AF 50mm F1.8D (a)","Filming","Nikon","전면, 후면뚜껑 없음","","available","주의","","{""_seconds"":1743398633,""_nanoseconds"":374000000}","https://firebasestorage.googleapis.com/v0/b/equipment-rental-system-838f0.firebasestorage.app/o/camera-images%2F1743398632065_151440_1.avif?alt=media&token=2a917a5f-43b3-459d-9f1a-6785de282502",,"",
"LM1LArSVipSactHYCb8n","캐논 LP-E6 배터리 (c)","Battery","Canon","사용 원활 X","","available","정상","","{""_seconds"":1743402373,""_nanoseconds"":662000000}","https://firebasestorage.googleapis.com/v0/b/equipment-rental-system-838f0.firebasestorage.app/o/camera-images%2F1743614142819_793756_1.avif?alt=media&token=ed4f035a-1b02-47d7-96c3-706e38c4bf08",,"",
"NJ6q5OCXcgzL2AwE8ii6","소니 NP-FW50 배터리","Battery","Sony","차져 없음, 바디에 연결해 충전","","available","정상","","{""_seconds"":1743404346,""_nanoseconds"":988000000}","https://firebasestorage.googleapis.com/v0/b/equipment-rental-system-838f0.firebasestorage.app/o/camera-images%2F1743614149040_1126062_1.avif?alt=media&token=4e8ec9bd-d0c6-4f07-9ad0-5db8affb111f",,"43",
"OF5NVdh13vq1KmuigmJk","맨프로토 삼각대","ETC","","","","available","정상","","{""_seconds"":1743483194,""_nanoseconds"":830000000}","https://firebasestorage.googleapis.com/v0/b/equipment-rental-system-838f0.firebasestorage.app/o/camera-images%2F1743617272853_2324403_1.avif?alt=media&token=21728f3f-811c-45f6-877f-addcd47fd7a2",,"23",
"OM7fC9lUryub3XRdQPSO","follow focus","Filming","Smallrig","","","available","정상","","{""_seconds"":1743487589,""_nanoseconds"":249000000}","https://firebasestorage.googleapis.com/v0/b/equipment-rental-system-838f0.firebasestorage.app/o/camera-images%2F1743617406794_thumb-04_680x680.jpg?alt=media&token=28523992-fd29-4cb4-80ee-caf53613d940",,"40",
"OSbRwNN9Dwp5LrtNm1YD","Nikon 배터리 차저 (a)","Battery","","","","available","정상","","{""_seconds"":1743484768,""_nanoseconds"":714000000}","https://firebasestorage.googleapis.com/v0/b/equipment-rental-system-838f0.firebasestorage.app/o/camera-images%2F1743617446138_shopping.avif?alt=media&token=2c0d5e7b-c822-4125-ad0b-4fc103bede83",,"64",
"P9WK9b3C657J5GtYlVyZ","sd 카드 리더기 (e)","ETC","","상기 이미지와 다를 수 있습니다","","available","정상","","{""_seconds"":1743484741,""_nanoseconds"":913000000}","https://firebasestorage.googleapis.com/v0/b/equipment-rental-system-838f0.firebasestorage.app/o/camera-images%2F1743617631759_1939422_1.avif?alt=media&token=8a0fcb18-3b13-47b1-b8f8-ee628d27571d",,"63",
"PUwL03CKMAaGQgZpidqs","캐논 LP-E6 배터리 (e)","Battery","Canon","사용 원활 X","","available","정상","","{""_seconds"":1743402508,""_nanoseconds"":297000000}","https://firebasestorage.googleapis.com/v0/b/equipment-rental-system-838f0.firebasestorage.app/o/camera-images%2F1743614159475_793756_1.avif?alt=media&token=f109b94b-e46e-4bef-9816-0245d17506af",,"",
"PipEMvlQQrnwTfgXruq9","어퓨처 300X","Lighting","Aputure","왼쪽 접합부 접촉불량","","available","주의","","{""_seconds"":1743271230,""_nanoseconds"":50000000}","https://firebasestorage.googleapis.com/v0/b/equipment-rental-system-838f0.firebasestorage.app/o/camera-images%2F1743271229126_12283769_1.webp?alt=media&token=8cd3356f-1413-40e8-b815-050ba566c9c3",,"29",
"Q580dX6Nw95o1trAQdpq","sd 카드 리더기 (b)","ETC","","상기 이미지와 다를 수 있습니다","","available","정상","","{""_seconds"":1743484678,""_nanoseconds"":154000000}","https://firebasestorage.googleapis.com/v0/b/equipment-rental-system-838f0.firebasestorage.app/o/camera-images%2F1743617639530_1939422_1.avif?alt=media&token=6ce7872e-44b0-47f0-a1b2-c2567fad1232",,"60",
"Sg9yHuPlC9iVewzd1GeH","Canon 배터리 차저 (b)","Battery","","","","available","정상","","{""_seconds"":1743484838,""_nanoseconds"":57000000}","https://firebasestorage.googleapis.com/v0/b/equipment-rental-system-838f0.firebasestorage.app/o/camera-images%2F1743617022922_5458_temp_16638311876296view%20(1).png?alt=media&token=5f19995d-e973-4217-a7c1-2eaba8d0e7ee",,"68",
"SoRRPsGhcEKzG3aMaKwm","캐논 EF 50mm F1.8","Filming","Canon","전면뚜껑 없음","","available","정상","","{""_seconds"":1743398844,""_nanoseconds"":859000000}","https://firebasestorage.googleapis.com/v0/b/equipment-rental-system-838f0.firebasestorage.app/o/camera-images%2F1743614177419_3166125_1.avif?alt=media&token=005deebe-0a17-4c3d-aab5-d3e044355b86",,"21",
"SufJHBbO05WzdNoZgrZ3","니콘 AF 50mm F1.8D (c)","Filming","Nikon","전면. 후면뚜껑 없음","","available","주의","","{""_seconds"":1743398746,""_nanoseconds"":146000000}","https://firebasestorage.googleapis.com/v0/b/equipment-rental-system-838f0.firebasestorage.app/o/camera-images%2F1743614185229_151440_1.avif?alt=media&token=c4b6a3a0-635d-4ef4-88be-a49fd1eba281",,"",
"TIQyQMKQaEnpaXMNqYtX","캐논 LP-E6 배터리 (a)","Battery","Canon","사용 원활 X","","available","정상","","{""_seconds"":1743402279,""_nanoseconds"":556000000}","https://firebasestorage.googleapis.com/v0/b/equipment-rental-system-838f0.firebasestorage.app/o/camera-images%2F1743614222176_793756_1.avif?alt=media&token=14d0f802-43a3-4035-972f-1e872c894f9b",,"46.1",
"UNTFyYKjytkjbhZN08RN","카메라 가방 (b)","ETC","","상기 이미지와 다를 수 있습니다","","available","정상","","{""_seconds"":1743488381,""_nanoseconds"":313000000}","https://firebasestorage.googleapis.com/v0/b/equipment-rental-system-838f0.firebasestorage.app/o/camera-images%2F1743614701241_3197023_1.avif?alt=media&token=0f37c6d7-6211-44dd-a7fe-e5befc1cc0d4",,"91",
"UVNeLAWz6M0bzlzxrfJT","카메라 가방 (f)","ETC","","상기 이미지와 다를 수 있습니다","","available","정상","","{""_seconds"":1743488430,""_nanoseconds"":321000000}","https://firebasestorage.googleapis.com/v0/b/equipment-rental-system-838f0.firebasestorage.app/o/camera-images%2F1743615062861_3197023_1.avif?alt=media&token=faf51cac-f413-4ba1-8662-f023643162a1",,"96",
"UiwKBw8jc4ggPGopubIu","BMPCC 6K + V 마운트 카본로드","Filming","Blackmagicdesign","","","available","정상","","{""_seconds"":1743396623,""_nanoseconds"":511000000}","https://firebasestorage.googleapis.com/v0/b/equipment-rental-system-838f0.firebasestorage.app/o/camera-images%2F1743396622098_%EB%8B%A4%EC%9A%B4%EB%A1%9C%EB%93%9C1.jpeg?alt=media&token=ebdec2d7-e80f-4caa-9eba-929aefca877b",,"3",
"V4e76Tv0MYrVSVudPAgr","V 마운트 배터리 (e)","Battery","Gen energy","14.4V / 11100mah / 160Wh","","available","정상","","{""_seconds"":1743403777,""_nanoseconds"":311000000}","https://firebasestorage.googleapis.com/v0/b/equipment-rental-system-838f0.firebasestorage.app/o/camera-images%2F1743403774574_CF091974_2.jpg?alt=media&token=40696d75-57bc-421d-b71e-545cd99965f5",,"",
"VPZpilAjcM5JQjSTgZHJ","ZOOM H1 녹음기 (b)","Sound","Zoom","","","available","정상","","{""_seconds"":1743404575,""_nanoseconds"":376000000}","https://firebasestorage.googleapis.com/v0/b/equipment-rental-system-838f0.firebasestorage.app/o/camera-images%2F1743615073073_1322983_1.avif?alt=media&token=3c9d3232-3060-49c1-acdc-31f56a6b4478",,"75",
"Vbz1zMIJXj572mUyJZHv","소니 f750 배터리","Battery","Sony","","","available","정상","","{""_seconds"":1743403965,""_nanoseconds"":866000000}","https://firebasestorage.googleapis.com/v0/b/equipment-rental-system-838f0.firebasestorage.app/o/camera-images%2F1743615112590_122119_1.avif?alt=media&token=a06d9ba6-0120-4e38-8a16-b097c1756e40",,"54",
"WEvMyWixyqKiXSawgil3","소니 알파 FE 16-35mm F4 G","Filming","Sony","","","available","정상","","{""_seconds"":1743398945,""_nanoseconds"":691000000}","https://firebasestorage.googleapis.com/v0/b/equipment-rental-system-838f0.firebasestorage.app/o/camera-images%2F1743615297684_16709747_1.avif?alt=media&token=25936cc6-ab21-432d-b6b8-e5622c782138",,"13",
"YAkOZnk3c8O2qTkAJoFA","삼성 gear 260 (a)","Filming","samsung","","","available","정상","","{""_seconds"":1743397312,""_nanoseconds"":371000000}","https://firebasestorage.googleapis.com/v0/b/equipment-rental-system-838f0.firebasestorage.app/o/camera-images%2F1743397311252_1642684248.jpg?alt=media&token=ae230bef-639c-43dd-9fe3-d74967dffdd1",,"12",
"YIan5XqavVXI154o5pNd","니콘 3000D (a)","Filming","Nikon","전면뚜껑 없음","","available","주의","","{""_seconds"":1743396933,""_nanoseconds"":113000000}","https://firebasestorage.googleapis.com/v0/b/equipment-rental-system-838f0.firebasestorage.app/o/camera-images%2F1743611985464_921872_1.avif?alt=media&token=0c42fd39-c7fd-4cfc-ae38-1a96dea47c74",,"",
"YpP3wiiZ2wUmHQ0ygZty","SD 카드 128GB (b)","ETC","Sandisk","반납시 포맷하기","","available","정상","","{""_seconds"":1743404219,""_nanoseconds"":943000000}","https://firebasestorage.googleapis.com/v0/b/equipment-rental-system-838f0.firebasestorage.app/o/camera-images%2F1743612024495_18318518_1.avif?alt=media&token=e79b51c4-6d93-4c4f-aae9-7edff9dc9846",,"58",
"Z9dAgjgRMv5OrT0EaqUj","소니 알파 A7S2","Filming","Sony","배터리 1개","","available","정상","","{""_seconds"":1743487908,""_nanoseconds"":711000000}","https://firebasestorage.googleapis.com/v0/b/equipment-rental-system-838f0.firebasestorage.app/o/camera-images%2F1743612066149_3428928_1.avif?alt=media&token=374c9bf8-7660-48e4-a791-45b6264b1c75",,"2",
"ZPzGFN0RYhrJxK4h8B7P","립모션 VR 세트","VR device","Leapmotion","","","available","정상","","{""_seconds"":1743487738,""_nanoseconds"":964000000}","https://firebasestorage.googleapis.com/v0/b/equipment-rental-system-838f0.firebasestorage.app/o/camera-images%2F1743617706872_shopping.webp?alt=media&token=18e2fe95-a8f2-41a5-9221-a37c770edb2b",,"83",
"a7MdxjooYn2FSeHhotfl","카메라 가방 (e)","ETC","","","","available","정상","","{""_seconds"":1743488409,""_nanoseconds"":46000000}","https://firebasestorage.googleapis.com/v0/b/equipment-rental-system-838f0.firebasestorage.app/o/camera-images%2F1743590747581_114646_1.avif?alt=media&token=f9021695-57a5-4f4e-a5fa-9d43b05b01c8",,"99",
"aDHzneu8s5vpM5HCyuB5","A 스탠드 (중형) (a)","Lighting","","","","available","정상","","{""_seconds"":1743400835,""_nanoseconds"":149000000}","https://firebasestorage.googleapis.com/v0/b/equipment-rental-system-838f0.firebasestorage.app/o/camera-images%2F1743400834040_A-%EC%8A%A4%ED%83%A0%EB%93%9C.jpeg?alt=media&token=ade06db0-d013-41be-82be-bc23fd406a49",,"35",
"b0AHl03amRl6BNQ0jNqy","캐논 EOS 7D (a)","Filming","Canon","cf카드","","available","정상","","{""_seconds"":1743396728,""_nanoseconds"":104000000}","https://firebasestorage.googleapis.com/v0/b/equipment-rental-system-838f0.firebasestorage.app/o/camera-images%2F1743396726296_930951_1.avif?alt=media&token=6247e41b-a2b0-4177-98ac-f3d924124734",,"6",
"b6Dyqgj2HAWwnHg0TrxS","카메라 가방 (a)","ETC","","상기 이미지와 다를 수 있습니다","","available","정상","","{""_seconds"":1743488368,""_nanoseconds"":97000000}","https://firebasestorage.googleapis.com/v0/b/equipment-rental-system-838f0.firebasestorage.app/o/camera-images%2F1743615309712_3197023_1.avif?alt=media&token=b38d4c62-74e7-4824-9393-1414c9b818f3",,"90",
"cO278X3zjyL2uICb9Fm3","오큘러스 DK2","VR device","","","","available","정상","","{""_seconds"":1743487520,""_nanoseconds"":931000000}","https://firebasestorage.googleapis.com/v0/b/equipment-rental-system-838f0.firebasestorage.app/o/camera-images%2F1743617775599_1398756949_thumb.jpg?alt=media&token=c0b99d36-d551-406c-b257-4ba11bc49dba",,"80",
"dC0GZnkl7CrxuTijxhoj","캐논 LP-E6 배터리 (b)","Battery","Canon","사용 원활 X","","available","정상","","{""_seconds"":1743402331,""_nanoseconds"":98000000}","https://firebasestorage.googleapis.com/v0/b/equipment-rental-system-838f0.firebasestorage.app/o/camera-images%2F1743612086226_793756_1.avif?alt=media&token=189fe5db-55fb-4e1c-9cdd-1d38ead260bb",,"46.2",
"eZfY62byA9H5KqwBa89i","삼성 HMD 오디세이 MR/VR","VR device","Samsung","","","available","정상","","{""_seconds"":1743487666,""_nanoseconds"":20000000}","https://firebasestorage.googleapis.com/v0/b/equipment-rental-system-838f0.firebasestorage.app/o/camera-images%2F1743617791600_mmHMD-Odyssey-2.png?alt=media&token=08e80714-9a03-4e6a-901e-9f1c9ba542c6",,"81",
"gTFPmIxVz3YvwHPs3zcK","캐논 EF-S 18-135mm F 3.5-5.6 (a)","Filming","Canon","렌즈 앞캡 없음","","available","주의","","{""_seconds"":1743397885,""_nanoseconds"":265000000}","https://firebasestorage.googleapis.com/v0/b/equipment-rental-system-838f0.firebasestorage.app/o/camera-images%2F1743397883022_4a803e2db6.jpg?alt=media&token=fa9ba5eb-9f13-4fba-baaf-f5e603eb909c",,"",
"gpnZlDz5BlmFt9llbwmI","Sony 배터리 차저","Battery","","소니 np-fw50 배터리 호환
","","available","정상","","{""_seconds"":1743484850,""_nanoseconds"":479000000}","https://firebasestorage.googleapis.com/v0/b/equipment-rental-system-838f0.firebasestorage.app/o/camera-images%2F1743617889019_d8c53cba857d96c6251586c6d3ba72d859925a3cf872e9e70d0a02968d41.jpg?alt=media&token=bd29e6fa-ea54-4de9-bc7f-c2a4d1dc3b99",,"70",
"grKSOVpdyBq8vD7nuFj6","소니 NP-FW50 배터리","Battery","Sony","소니 A7S2 호환","","available","정상","","{""_seconds"":1743401946,""_nanoseconds"":181000000}","https://firebasestorage.googleapis.com/v0/b/equipment-rental-system-838f0.firebasestorage.app/o/camera-images%2F1743610194630_1126062_1.avif?alt=media&token=13329fe9-041c-4c34-870d-b4307eadfc47",,"",
"hU9AA2QSj5Enq5SlN83m","이동식 크로마키 (b)","ETC","","","","available","정상","","{""_seconds"":1743401826,""_nanoseconds"":868000000}","https://firebasestorage.googleapis.com/v0/b/equipment-rental-system-838f0.firebasestorage.app/o/camera-images%2F1743617522492_b78f9fadc7ad41d6135f7d4eba54a3848e298ca6b180f2c6bf2c9b3a510a.jpg?alt=media&token=c5e16450-63d1-466a-bde8-e98b940c9599",,"42",
"hu6l8Ke3CLYni1oeAhds","Nikon 배터리 차저 (b)","Battery","","","","available","정상","","{""_seconds"":1743484779,""_nanoseconds"":99000000}","https://firebasestorage.googleapis.com/v0/b/equipment-rental-system-838f0.firebasestorage.app/o/camera-images%2F1743617484394_shopping.avif?alt=media&token=04474664-0197-4d61-9b2c-df8a15d9c266",,"65",
"iB0nqtfA12oGwuSYt02E","K&f concept  렌즈 어뎁터 (캐논 ef - 소니 e 마운트 변환)","ETC","K&F concept","","","available","정상","","{""_seconds"":1743401217,""_nanoseconds"":836000000}","https://firebasestorage.googleapis.com/v0/b/equipment-rental-system-838f0.firebasestorage.app/o/camera-images%2F1743401216621_1000593031035_i1_350.jpg?alt=media&token=7e3e0bd7-225e-486c-aa53-bfa1ede36206",,"38",
"ik1B1VCTt6V6hLokKWcg","sd 카드 리더기 (c)","ETC","","","","available","정상","","{""_seconds"":1743484695,""_nanoseconds"":442000000}","https://firebasestorage.googleapis.com/v0/b/equipment-rental-system-838f0.firebasestorage.app/o/camera-images%2F1743617924946_1939422_1.avif?alt=media&token=689d4219-c594-41f7-958c-7c43c3a3284f",,"61",
"j8TY08KM9uh46qb9X28J","밀리부 삼각","Filming","Miliboo","팬 바 고정 잘 안됨","","available","주의","","{""_seconds"":1743399610,""_nanoseconds"":815000000}","https://firebasestorage.googleapis.com/v0/b/equipment-rental-system-838f0.firebasestorage.app/o/camera-images%2F1743610227095_7243333_1.jpg?alt=media&token=4f359c9b-c4ff-41fb-8104-5ce6ddcf331b",,"24",
"jTEytEX4KBG4MC2EoETi","소니 알파 A7C","Filming","Sony","","","available","정상","","{""_seconds"":1743020839,""_nanoseconds"":892000000}","https://firebasestorage.googleapis.com/v0/b/equipment-rental-system-838f0.firebasestorage.app/o/camera-images%2F1743021281675_12296429_1.jpg?alt=media&token=d8840100-a59a-4350-9763-1723339163d4",,"1",
"jvski5lJMGDhYIkKhVPz","고프로 히어로 5 세션 (a)","Filming","Gopro","","","available","정상","","{""_seconds"":1743488311,""_nanoseconds"":432000000}","https://firebasestorage.googleapis.com/v0/b/equipment-rental-system-838f0.firebasestorage.app/o/camera-images%2F1743618112471_3285296_1.avif?alt=media&token=7b5fc3fb-a13d-4f6c-87be-db738347fe5e",,"9",
"ke9FsNyMt7xDNkNO6eR5","탐론 EF-S 17-50mm F 2.8 (b)","Filming","Tamron","전면뚜껑 없음","","available","정상","","{""_seconds"":1743397724,""_nanoseconds"":420000000}","https://firebasestorage.googleapis.com/v0/b/equipment-rental-system-838f0.firebasestorage.app/o/camera-images%2F1743397722470_141263_1.avif?alt=media&token=cff32c38-f6ba-4874-9c25-c17d65cb492d",,"",
"lFV2tUTKQUWiROHtPX3r","ZOOM H2N 보이스레코더 (a)","Sound","Zoom","","","available","정상","","{""_seconds"":1743405019,""_nanoseconds"":682000000}","https://firebasestorage.googleapis.com/v0/b/equipment-rental-system-838f0.firebasestorage.app/o/camera-images%2F1743610251708_7322812_1.jpg?alt=media&token=3f251c43-ff34-441a-b0f2-f644157b8c71",,"71",
"o7NePdRpJCNQNIsBqkL2","C 스탠드 ","Lighting","","","","available","정상","","{""_seconds"":1743400901,""_nanoseconds"":527000000}","https://firebasestorage.googleapis.com/v0/b/equipment-rental-system-838f0.firebasestorage.app/o/camera-images%2F1743610344627_11548466_1.jpg?alt=media&token=d1920492-1733-4641-b451-7c89d78c577a",,"37",
"oJLuzDgZFc0rlIjvU3C4","캐논 LP-E6  배터리 (d)","Battery","Canon","사용 원활 X","","available","정상","","{""_seconds"":1743402429,""_nanoseconds"":42000000}","https://firebasestorage.googleapis.com/v0/b/equipment-rental-system-838f0.firebasestorage.app/o/camera-images%2F1743610314078_793756_1.avif?alt=media&token=ccdc3ad9-bdfa-4d67-ad2a-8d073c9eb2c9",,"46.4",
"pA3rWdZ3SZHpDA7BQlGB","니콘 en-el9 배터리 (b)","Battery","Nikon","니콘 3000D, 5000D 호환 가능","","available","정상","","{""_seconds"":1743402117,""_nanoseconds"":937000000}","https://firebasestorage.googleapis.com/v0/b/equipment-rental-system-838f0.firebasestorage.app/o/camera-images%2F1743402115821_4a310d2d26.jpg?alt=media&token=45b29046-3089-4655-84a3-534a989dd392",,"45",
"rHQhJtfR6IBRlwyta2VN","고프로 히어로  5 세션 (b)","Filming","Gopro","화면 안나옴(고장)","","available","수리","","{""_seconds"":1743488268,""_nanoseconds"":916000000}","https://firebasestorage.googleapis.com/v0/b/equipment-rental-system-838f0.firebasestorage.app/o/camera-images%2F1743618088534_3285296_1.avif?alt=media&token=1450318c-2f14-434d-8cc9-9a94b95c493f",,"10",
"sEKjJuFf3xBAzBMnjsrJ","V 마운트 배터리 (b)","Battery","Farseeing","14.8v / 8800mah / 130Wh","","available","정상","","{""_seconds"":1743403166,""_nanoseconds"":577000000}","https://firebasestorage.googleapis.com/v0/b/equipment-rental-system-838f0.firebasestorage.app/o/camera-images%2F1743612108161_7320940_1.jpg?alt=media&token=1a58a7a6-3394-4613-8d6a-7cfe197e12ea",,"49",
"tlXKKwt9det11MemlxWN","삼양 EF VDSLR 85mm T1.5","Filming","Samyang","렌즈 프레임에 금이 가있음(사용에 지장 없음), 후면캡 없음","","available","주의","","{""_seconds"":1743398323,""_nanoseconds"":416000000}","https://firebasestorage.googleapis.com/v0/b/equipment-rental-system-838f0.firebasestorage.app/o/camera-images%2F1743611939508_14375078_1.avif?alt=media&token=623da94b-8d5c-430b-aa5c-9080599e1e86",,"18",
"uszZo3JAqtoQCvtTz56h","니콘 3000D (b)","Filming","Nikon","전면뚜껑 없음","","available","주의","","{""_seconds"":1743397004,""_nanoseconds"":179000000}","https://firebasestorage.googleapis.com/v0/b/equipment-rental-system-838f0.firebasestorage.app/o/camera-images%2F1743611961123_921872_1.avif?alt=media&token=bc9863a3-73f6-4cef-ba4a-abdf56c06252",,"",
"vatngHpqjQVDOaY8ShEK","V 마운트 배터리 충전","Battery","Farseeing","왼쪽 충전 잘 안됨","","available","정상","","{""_seconds"":1743403885,""_nanoseconds"":338000000}","https://firebasestorage.googleapis.com/v0/b/equipment-rental-system-838f0.firebasestorage.app/o/camera-images%2F1743403882958_4b6e8941a6.jpg?alt=media&token=7acf2772-b12f-43a1-9131-1e2333640db0",,"53",
"wRBIVYAboyG8HoN4Q9yt","이동식 크로마키 (a)","ETC","","","","available","정상","","{""_seconds"":1743401813,""_nanoseconds"":715000000}","https://firebasestorage.googleapis.com/v0/b/equipment-rental-system-838f0.firebasestorage.app/o/camera-images%2F1743617534759_b78f9fadc7ad41d6135f7d4eba54a3848e298ca6b180f2c6bf2c9b3a510a.jpg?alt=media&token=6262d1d4-502c-49cb-b15d-38bc1caf0ca2",,"41",
"xYypIfCTUrYu8svNVd2P","LED 조명 (b)","Lighting","","","","available","정상","","{""_seconds"":1744383983,""_nanoseconds"":996000000}","https://firebasestorage.googleapis.com/v0/b/equipment-rental-system-838f0.firebasestorage.app/o/camera-images%2F1744384064277_6230087_1.avif?alt=media&token=203929a5-fb3e-41c2-9007-d5a5f2b1c772",,"31",""
"zWggQ3J1fcKhIQEVV8nf","캐논 EF-S 18-135mm F 3.5-5.6 (b)","Filming","Canon","후면뚜껑 없음","","available","주의","","{""_seconds"":1743397932,""_nanoseconds"":932000000}","https://firebasestorage.googleapis.com/v0/b/equipment-rental-system-838f0.firebasestorage.app/o/camera-images%2F1743397930861_4a803e2db6.jpg?alt=media&token=a795dd26-9bf9-42e3-bdde-913ab1b68e64",,"16",